title,url,ageGenderBracket,ageGenderParenth,ageBracket,genderBracket,ageParenth,genderParenth
Girlfriend (25 f) dislikes my (30 m ) relationship with my baby sister (10 f),https://www.reddit.com/r/relationships/comments/cl8svr/girlfriend_25_f_dislikes_my_30_m_relationship/,[],"['25 f', '30 m ', '10 f']",[],[],"['25', '30', '10']","['f', 'm', 'f']"
I [28f] literally just found email after email from my fiancé [27m] to his ex girlfriend [20s/f] belittling me and making fun of me and worse. I am seriously shocked beyond belief.,https://www.reddit.com/r/relationships/comments/52hka7/i_28f_literally_just_found_email_after_email_from/,"['28f', '27m', '20s/f']",[],"['28', '27', '20']","['f', 'm', 'f']",[],[]
My (F22) boyfriend (M31) of three years won’t stop using dating apps. I think it’s time for me to leave.,https://www.reddit.com/r/relationships/comments/bqftfh/my_f22_boyfriend_m31_of_three_years_wont_stop/,[],"['F22', 'M31']",[],[],"['22', '31']","['F', 'M']"
"My (28F) colleague (30F) didn't invite me to her wedding, and it's completely unravelled our friendship",https://www.reddit.com/r/relationships/comments/bctq5b/my_28f_colleague_30f_didnt_invite_me_to_her/,[],"['28F', '30F']",[],[],"['28', '30']","['F', 'F']"
"My birth parents (60s?m, 60s f) who bailed on me (30sf) are flaunting my success around town. How do I get these fools to shut their traps without bringing attention to it or sounding like a drama queen?",https://www.reddit.com/r/relationships/comments/c9dg8e/my_birth_parents_60sm_60s_f_who_bailed_on_me_30sf/,[],"['60s?m, 60s f', '30sf']",[],[],"['60', '60', '30']","['m', 'f', 'f']"
"Me [35F] found out my mother contacted the family that adopted my son, to ask for money",https://www.reddit.com/r/relationships/comments/a67rsj/me_35f_found_out_my_mother_contacted_the_family/,['35F'],[],['35'],['F'],[],[]
Daughter [F20] died. What can I [M43] do for her boyfriend [M20]?,https://www.reddit.com/r/relationships/comments/39wmlt/daughter_f20_died_what_can_i_m43_do_for_her/,"['F20', 'M43', 'M20']",[],"['20', '43', '20']","['F', 'M', 'M']",[],[]
"I've [F25] returned from a month long trip and my roommate [F22] has moved all her things into my room and has been living there, with no intention of switching back.",https://www.reddit.com/r/relationships/comments/6e6hge/ive_f25_returned_from_a_month_long_trip_and_my/,"['F25', 'F22']",[],"['25', '22']","['F', 'F']",[],[]
I [74F] haven't spoken to my children in 20 years. I'm dying now.,https://www.reddit.com/r/relationships/comments/566iga/i_74f_havent_spoken_to_my_children_in_20_years_im/,['74F'],[],['74'],['F'],[],[]
I [33F] tried breaking up with my boyfriend [33M] in person yesterday and he turned on me. I still haven’t left him,https://www.reddit.com/r/relationships/comments/9kznlb/i_33f_tried_breaking_up_with_my_boyfriend_33m_in/,"['33F', '33M']",[],"['33', '33']","['F', 'M']",[],[]
My best friend (20M) asked me (20M) out. I said yes. I didn't know it was a date.,https://www.reddit.com/r/relationships/comments/9du198/my_best_friend_20m_asked_me_20m_out_i_said_yes_i/,[],"['20M', '20M']",[],[],"['20', '20']","['M', 'M']"
My (23F) boyfriend (25M) and his family are angry because I wouldn't shave my head for his sister who has cancer.,https://www.reddit.com/r/relationships/comments/3cfcsg/my_23f_boyfriend_25m_and_his_family_are_angry/,[],"['23F', '25M']",[],[],"['23', '25']","['F', 'M']"
My wife (24F) paid our wedding photographer extra to not take any photos of her. We just got the photos back and I (25M) am so angry and hurt.,https://www.reddit.com/r/relationships/comments/3novni/my_wife_24f_paid_our_wedding_photographer_extra/,[],"['24F', '25M']",[],[],"['24', '25']","['F', 'M']"
My[M24] family has relied on me to be the family IT guy for years. Now that I work in IT I don't want to spend my free time doing additional IT work and some of them are upset. What can I do?,https://www.reddit.com/r/relationships/comments/asc5qx/mym24_family_has_relied_on_me_to_be_the_family_it/,['M24'],[],['24'],['M'],[],[]
My [56 M] daughter [18 F] has a new 29 year old boyfriend and won't listen to me when I tell her it's not a good idea.,https://www.reddit.com/r/relationships/comments/4x6due/my_56_m_daughter_18_f_has_a_new_29_year_old/,"['56 M', '18 F']",[],"['56', '18']","['M', 'F']",[],[]
